,cust_id,gender
0,3500,0.36986757483563737
1,3501,0.19907885204175937
2,3502,0.2307391249194529
3,3503,0.444789528588933
4,3504,0.46634385374286813
5,3505,0.4171527049544006
6,3506,0.20047796082439417
7,3507,0.5259930956219818
8,3508,0.43095280777793865
9,3509,0.23170738366507485
10,3510,0.24120028997220888
11,3511,0.40752391557605394
12,3512,0.41373209241898595
13,3513,0.3162019038943009
14,3514,0.4774244944221796
15,3515,0.33373953695169734
16,3516,0.18987862483662496
17,3517,0.3633463119906384
18,3518,0.38309120634189
19,3519,0.45186597752281793
20,3520,0.4064603993889782
21,3521,0.3756048289596087
22,3522,0.5167105359761146
23,3523,0.19522727477046586
24,3524,0.35053370810999157
25,3525,0.4826655988529257
26,3526,0.280535324013328
27,3527,0.5105424312907898
28,3528,0.4797930545685562
29,3529,0.37963267731657097
30,3530,0.32407388886677074
31,3531,0.49385980134969737
32,3532,0.29369528455124266
33,3533,0.3669200707147035
34,3534,0.4838315061563188
35,3535,0.4691540212030432
36,3536,0.4840041958959615
37,3537,0.33788800267246266
38,3538,0.46351881066170847
39,3539,0.5004343452219474
40,3540,0.28989055527049173
41,3541,0.2869950357270823
42,3542,0.367011856010997
43,3543,0.37670884472067506
44,3544,0.40307977029192293
45,3545,0.35777726391819703
46,3546,0.24486732038913583
47,3547,0.18815583642511854
48,3548,0.5500886156195258
49,3549,0.3351669907663088
50,3550,0.4534181209578352
51,3551,0.4800402352112827
52,3552,0.3544122062963914
53,3553,0.40656492041663833
54,3554,0.3485995148040728
55,3555,0.21565952119731763
56,3556,0.4729689029383456
57,3557,0.3134371867777409
58,3558,0.30106597833922494
59,3559,0.2873444261628174
60,3560,0.47255898761333476
61,3561,0.35551765373082567
62,3562,0.3081109948222109
63,3563,0.26459753596693303
64,3564,0.4275081357764458
65,3565,0.4802891509055758
66,3566,0.1630272319311091
67,3567,0.4892576745479018
68,3568,0.29982117519484364
69,3569,0.45941292914296983
70,3570,0.29675436341746925
71,3571,0.3634687141610224
72,3572,0.5630055871681467
73,3573,0.33081701049629264
74,3574,0.4316152444883158
75,3575,0.5302177765927331
76,3576,0.46315436936573484
77,3577,0.3028333344085052
78,3578,0.27620638011467613
79,3579,0.2093227803845652
80,3580,0.45377728093091513
81,3581,0.5520476198795311
82,3582,0.5616148305219989
83,3583,0.4115067467114886
84,3584,0.45581722428267774
85,3585,0.30857394904870916
86,3586,0.1636488977524665
87,3587,0.21911723087783058
88,3588,0.2808162569354527
89,3589,0.3877223815103827
90,3590,0.3323446508245389
91,3591,0.29409686427368376
92,3592,0.5479859492076722
93,3593,0.4277815752568994
94,3594,0.2749010549754156
95,3595,0.4581545762408594
96,3596,0.3378720807892922
97,3597,0.27637743967265754
98,3598,0.3520889083868158
99,3599,0.4900698379211574
100,3600,0.42700903069427076
101,3601,0.29069195103438095
102,3602,0.36124683971420907
103,3603,0.22179794474553335
104,3604,0.4432884002543105
105,3605,0.35803530911490833
106,3606,0.42690371580255176
107,3607,0.27507566237718567
108,3608,0.34186388758172465
109,3609,0.33936439771500704
110,3610,0.47883378440522384
111,3611,0.5349091255554415
112,3612,0.5218354405261681
113,3613,0.2876872975143195
114,3614,0.5036728524077536
115,3615,0.23817448534601224
116,3616,0.48146997668436403
117,3617,0.5233337497245079
118,3618,0.4855323124436777
119,3619,0.20602112340096848
120,3620,0.2814457955696047
121,3621,0.37658561928426615
122,3622,0.38712142241958175
123,3623,0.4806734791278796
124,3624,0.2773231711410417
125,3625,0.5220911421792725
126,3626,0.42340889812354876
127,3627,0.21067063884266052
128,3628,0.44428613660331095
129,3629,0.3355714501883629
130,3630,0.2556610886612927
131,3631,0.5157438215855108
132,3632,0.32386957170194314
133,3633,0.33364248471393027
134,3634,0.32039175297278677
135,3635,0.3137391960765285
136,3636,0.41649567483930366
137,3637,0.35840405584090673
138,3638,0.31955914115121997
139,3639,0.4834507685311136
140,3640,0.5072892214938617
141,3641,0.2051802673818415
142,3642,0.4780770368455915
143,3643,0.3195502087963126
144,3644,0.36239973413599585
145,3645,0.34947528033960934
146,3646,0.2581352155932048
147,3647,0.45330311052498495
148,3648,0.588360357174571
149,3649,0.4623348353099656
150,3650,0.27890400965312406
151,3651,0.37481248549396645
152,3652,0.31480175126632426
153,3653,0.37045922787876506
154,3654,0.4537354529476747
155,3655,0.398819899559922
156,3656,0.4652402855932364
157,3657,0.3826227171461995
158,3658,0.20555821933165405
159,3659,0.2843450981343663
160,3660,0.2824805928283323
161,3661,0.4114907628965427
162,3662,0.29012216576474165
163,3663,0.47715020388056884
164,3664,0.5064314434644488
165,3665,0.4548754230671987
166,3666,0.5180493110989465
167,3667,0.26527961015575835
168,3668,0.2775179267938809
169,3669,0.546099012387596
170,3670,0.23732890157906517
171,3671,0.5699753742085281
172,3672,0.25797249084945073
173,3673,0.4294665406943835
174,3674,0.48827995741176566
175,3675,0.38911565181650476
176,3676,0.34400213692682363
177,3677,0.4578513777409656
178,3678,0.3220832316796738
179,3679,0.4130414395351615
180,3680,0.3030855273546365
181,3681,0.5182282861706802
182,3682,0.4918132835380887
183,3683,0.20688607941137088
184,3684,0.3826666817317141
185,3685,0.36866406239633465
186,3686,0.35351261376809395
187,3687,0.346417039602455
188,3688,0.3254900288545234
189,3689,0.5187831033400659
190,3690,0.3639156652033074
191,3691,0.20423981716269474
192,3692,0.2729621603438306
193,3693,0.3181313635865367
194,3694,0.2199262592860429
195,3695,0.5523894553912867
196,3696,0.48629885028943265
197,3697,0.3308353201619343
198,3698,0.2919039760436954
199,3699,0.37160706825364664
200,3700,0.32005632763761016
201,3701,0.29984122278264513
202,3702,0.3029206639978576
203,3703,0.5292104659255753
204,3704,0.3880337399560403
205,3705,0.48784475733311333
206,3706,0.3229766907864896
207,3707,0.2606283518277264
208,3708,0.23467897898107704
209,3709,0.26063310044048366
210,3710,0.2810309605121814
211,3711,0.307363778767923
212,3712,0.5004734934779571
213,3713,0.19992070050320548
214,3714,0.3781968682444709
215,3715,0.3350258267107633
216,3716,0.296301943047117
217,3717,0.381759974668051
218,3718,0.19495217630532452
219,3719,0.3368393824326626
220,3720,0.40867601593004843
221,3721,0.5409010361615966
222,3722,0.2305218203775561
223,3723,0.41486537396821455
224,3724,0.3948038351622041
225,3725,0.38648351754674665
226,3726,0.513090994509508
227,3727,0.4478156347296312
228,3728,0.44565039205082146
229,3729,0.5181706557061049
230,3730,0.38675828228070186
231,3731,0.41994958288346157
232,3732,0.39553999139686324
233,3733,0.5115876747209941
234,3734,0.22649688065934015
235,3735,0.2636728742500696
236,3736,0.30384891625064175
237,3737,0.43821304061849453
238,3738,0.32707462551980493
239,3739,0.5512116938062563
240,3740,0.4543937838601951
241,3741,0.522454592097618
242,3742,0.3972664026808815
243,3743,0.29816094455788655
244,3744,0.2980407417555994
245,3745,0.3303372411691781
246,3746,0.39761924650510283
247,3747,0.2728656163123568
248,3748,0.1698735634062068
249,3749,0.48886994610039025
250,3750,0.3183535353530227
251,3751,0.49769849301075264
252,3752,0.2736768715601512
253,3753,0.5099493132976347
254,3754,0.39665379094950565
255,3755,0.5248464359047342
256,3756,0.4889172767595999
257,3757,0.3748970652505666
258,3758,0.4267998575416182
259,3759,0.3441069795804136
260,3760,0.2093020661056449
261,3761,0.4411917597692765
262,3762,0.2806136551083904
263,3763,0.22409109874852923
264,3764,0.5189424818344677
265,3765,0.1946628829616829
266,3766,0.4727165213782484
267,3767,0.43981391507699263
268,3768,0.3284572137678184
269,3769,0.2947137124783276
270,3770,0.563774056712475
271,3771,0.29813237216576377
272,3772,0.48641071043903644
273,3773,0.44418680599795546
274,3774,0.33237635318819053
275,3775,0.5539988751478286
276,3776,0.4974863251943642
277,3777,0.36041000315832067
278,3778,0.37349216966486337
279,3779,0.3564128389264336
280,3780,0.45711748457802764
281,3781,0.40209607313943885
282,3782,0.44357774782798176
283,3783,0.33011553664346543
284,3784,0.4796329906678578
285,3785,0.5292602936038027
286,3786,0.3683579720510595
287,3787,0.4205138307302822
288,3788,0.44829921018782243
289,3789,0.2358252061892199
290,3790,0.20790089348823781
291,3791,0.2514503771868999
292,3792,0.5156985917150326
293,3793,0.45841622399449056
294,3794,0.342647737710823
295,3795,0.4661330146312956
296,3796,0.18791623894078774
297,3797,0.4380041495191652
298,3798,0.459990679093875
299,3799,0.35881587398651194
300,3800,0.1946538013901797
301,3801,0.20857899690111378
302,3802,0.2620028702176044
303,3803,0.23503355556057035
304,3804,0.27318260165990627
305,3805,0.49098866531145996
306,3806,0.48974619207409603
307,3807,0.33588470501226664
308,3808,0.5062418193427961
309,3809,0.292438313852683
310,3810,0.3011036020240148
311,3811,0.5125359966697136
312,3812,0.4543270582294207
313,3813,0.5245351912862345
314,3814,0.24237912309399617
315,3815,0.5054941108120582
316,3816,0.36090337801132255
317,3817,0.2394817192838057
318,3818,0.38909863110368986
319,3819,0.31354602655746505
320,3820,0.3610916424134537
321,3821,0.5085916504644344
322,3822,0.2687643400580028
323,3823,0.24892979451227
324,3824,0.27495110212081597
325,3825,0.5053581704954182
326,3826,0.2854873936089701
327,3827,0.3856054216836157
328,3828,0.21996758789507737
329,3829,0.3937563524801426
330,3830,0.5614551354036251
331,3831,0.32057332322354176
332,3832,0.29720912726758425
333,3833,0.2124764782337759
334,3834,0.27194844096548804
335,3835,0.23097627518179054
336,3836,0.2089638347606665
337,3837,0.2797810050585646
338,3838,0.46230399878801237
339,3839,0.45625927489385787
340,3840,0.3399169876535398
341,3841,0.260484286384611
342,3842,0.3324774699802354
343,3843,0.2693741866901806
344,3844,0.4351248416246458
345,3845,0.21826035295064203
346,3846,0.32224595796356487
347,3847,0.2327379839482191
348,3848,0.3694932027265725
349,3849,0.5929648884443427
350,3850,0.31044893831275805
351,3851,0.20904698798381127
352,3852,0.38356090201878246
353,3853,0.47492354241368395
354,3854,0.3760230411690381
355,3855,0.21093925335456606
356,3856,0.43903350633254873
357,3857,0.2435504505888043
358,3858,0.3188830266123087
359,3859,0.43107633346548474
360,3860,0.5317743600647199
361,3861,0.23703566377365154
362,3862,0.39193278791293223
363,3863,0.35306885658105186
364,3864,0.5109909500150035
365,3865,0.48304404003971224
366,3866,0.48458002175815723
367,3867,0.4305625735121611
368,3868,0.45135170825073095
369,3869,0.4361909516012315
370,3870,0.33934546719952413
371,3871,0.3956413863623814
372,3872,0.4635552694495502
373,3873,0.3947911013464854
374,3874,0.4036725967075608
375,3875,0.2216851242256378
376,3876,0.3926307689024735
377,3877,0.24541659318736997
378,3878,0.3967571241453874
379,3879,0.48718725826141684
380,3880,0.46453631719465915
381,3881,0.20969164767615006
382,3882,0.3107287515893178
383,3883,0.35571732635177417
384,3884,0.288954588197766
385,3885,0.4806032981894372
386,3886,0.5450347213344608
387,3887,0.29746932732804515
388,3888,0.3385941591514064
389,3889,0.32783747106844724
390,3890,0.5217578925914642
391,3891,0.342254246643308
392,3892,0.21512446952468994
393,3893,0.31086164637575214
394,3894,0.2027797995841232
395,3895,0.1749623276354852
396,3896,0.24384785551013777
397,3897,0.25724993993459927
398,3898,0.48819997187376246
399,3899,0.3234750725932175
400,3900,0.5004904716096873
401,3901,0.37661557787740135
402,3902,0.3016747309337452
403,3903,0.35198931491395646
404,3904,0.32678722367676594
405,3905,0.3117707238628725
406,3906,0.42302376735491287
407,3907,0.20093415498730635
408,3908,0.36846045223888424
409,3909,0.5212441610687136
410,3910,0.32465098671685133
411,3911,0.1865320426405135
412,3912,0.53142788818957
413,3913,0.5352263482858091
414,3914,0.3237660120777749
415,3915,0.2148345503910856
416,3916,0.269351491542797
417,3917,0.5021739554558144
418,3918,0.4935453083480714
419,3919,0.23344041807473492
420,3920,0.4406517040910052
421,3921,0.3498312389239359
422,3922,0.3870011854174319
423,3923,0.5368456593498788
424,3924,0.5028942749278131
425,3925,0.2879581959092831
426,3926,0.3645924066273781
427,3927,0.21604482726777427
428,3928,0.4662996752458348
429,3929,0.4767151225662466
430,3930,0.4566684301604498
431,3931,0.30086547184132156
432,3932,0.4821007360646978
433,3933,0.47486669757489675
434,3934,0.21075766212308447
435,3935,0.28834203480731796
436,3936,0.17871603487365215
437,3937,0.18754427791354608
438,3938,0.4217273173083151
439,3939,0.38285769437760403
440,3940,0.48485824596732735
441,3941,0.3084740138460249
442,3942,0.30598400161324585
443,3943,0.2761494350354992
444,3944,0.18873490324385464
445,3945,0.4119496447663436
446,3946,0.4718218135614164
447,3947,0.17076511420790474
448,3948,0.3437325917335518
449,3949,0.43342558566165784
450,3950,0.30202171184259113
451,3951,0.4215825704076335
452,3952,0.38751856743098506
453,3953,0.36263316938452467
454,3954,0.5523894553912867
455,3955,0.4092248303870803
456,3956,0.35215692279340677
457,3957,0.2478128201785898
458,3958,0.44281976454585914
459,3959,0.3218607086152311
460,3960,0.5186517688482996
461,3961,0.39086432391549847
462,3962,0.476159710111042
463,3963,0.30171951381252327
464,3964,0.4354151595607004
465,3965,0.5289722006751617
466,3966,0.3143355692232037
467,3967,0.3030351782845819
468,3968,0.5219314795071353
469,3969,0.32824816687959896
470,3970,0.24850533197603691
471,3971,0.18440796583447874
472,3972,0.5141712876429133
473,3973,0.5422658087358785
474,3974,0.33132509327556464
475,3975,0.5714476692890497
476,3976,0.38431949355368195
477,3977,0.3604077422045884
478,3978,0.4994705249466268
479,3979,0.44751989302157746
480,3980,0.3529975961212735
481,3981,0.21909547113427957
482,3982,0.3722200268901649
483,3983,0.38799228580621026
484,3984,0.33789802471290414
485,3985,0.21114473460224403
486,3986,0.2093671878628711
487,3987,0.19468729391287937
488,3988,0.32273490292887735
489,3989,0.566479178405831
490,3990,0.3482826432425857
491,3991,0.4784407425536446
492,3992,0.21277819631800113
493,3993,0.30299515075017985
494,3994,0.20595997232312144
495,3995,0.3209582990714296
496,3996,0.2711169843531777
497,3997,0.29999242616738486
498,3998,0.5507995548869675
499,3999,0.560692894288509
500,4000,0.3519899170921626
501,4001,0.3805815063038617
502,4002,0.3952428965184291
503,4003,0.28676561912922677
504,4004,0.3422365894423106
505,4005,0.29275902649664315
506,4006,0.5144149985973333
507,4007,0.4778990557914275
508,4008,0.44558463772586804
509,4009,0.40813800092949315
510,4010,0.2670893466191451
511,4011,0.45968329096640176
512,4012,0.41888197925655307
513,4013,0.3208682924432034
514,4014,0.26624491532958877
515,4015,0.37259011217750576
516,4016,0.36132840986369674
517,4017,0.36035054567683433
518,4018,0.4185680369598892
519,4019,0.34579443966980256
520,4020,0.21075635073733612
521,4021,0.4197520305198427
522,4022,0.4543942317468554
523,4023,0.34149388942364517
524,4024,0.4103637106305489
525,4025,0.442649493565219
526,4026,0.42794207358177916
527,4027,0.5159793504152816
528,4028,0.39788076391632166
529,4029,0.2216124274496107
530,4030,0.18563419206533588
531,4031,0.2645373164439517
532,4032,0.3617693831691634
533,4033,0.4913323036724201
534,4034,0.3937550321805724
535,4035,0.40649931018315777
536,4036,0.3603666235897498
537,4037,0.20969289669107705
538,4038,0.2982257716115183
539,4039,0.22904109355708135
540,4040,0.41271340449347155
541,4041,0.3706707443795088
542,4042,0.291496293515681
543,4043,0.32300005805928206
544,4044,0.4024505832849791
545,4045,0.5618613113210266
546,4046,0.3267450512297011
547,4047,0.23043561074692812
548,4048,0.47753524793007984
549,4049,0.31759614344758075
550,4050,0.2143054482497767
551,4051,0.40874611109980763
552,4052,0.2172192303085483
553,4053,0.31564186797283944
554,4054,0.41046689544111736
555,4055,0.5293346272177618
556,4056,0.5077373657143684
557,4057,0.36078572000441284
558,4058,0.48862076261612664
559,4059,0.5770170137710973
560,4060,0.36179863664548084
561,4061,0.40701200984703256
562,4062,0.4338929643896431
563,4063,0.3175736897152564
564,4064,0.5263349322041646
565,4065,0.45451141214714785
566,4066,0.29223330700790806
567,4067,0.20687641690347316
568,4068,0.18266525402789116
569,4069,0.4614430660238461
570,4070,0.22205635445243502
571,4071,0.38595266093947456
572,4072,0.313838420856221
573,4073,0.21209919987379106
574,4074,0.32882433078131706
575,4075,0.4074693433674381
576,4076,0.44865029157441605
577,4077,0.30567794081288996
578,4078,0.49806235355756373
579,4079,0.5019246939792517
580,4080,0.47407559568183366
581,4081,0.3093534370715638
582,4082,0.33128367700708977
583,4083,0.331511289215469
584,4084,0.5244407933793598
585,4085,0.3480339938100152
586,4086,0.48148946548794613
587,4087,0.38574213178314126
588,4088,0.3827089202152254
589,4089,0.23375631570147146
590,4090,0.31683770379179527
591,4091,0.46986562462983705
592,4092,0.3746336864531722
593,4093,0.4900382845808735
594,4094,0.3562915686341455
595,4095,0.2183789082628057
596,4096,0.448486822534958
597,4097,0.5278633626041327
598,4098,0.3549953823667784
599,4099,0.5194502921873321
600,4100,0.48307506907410447
601,4101,0.40385032656210224
602,4102,0.34497506788316984
603,4103,0.2420991481570254
604,4104,0.1859531965496374
605,4105,0.4852094491018958
606,4106,0.1753835883917624
607,4107,0.37269738367556265
608,4108,0.2962044958517341
609,4109,0.3587434299989697
610,4110,0.21896260004643786
611,4111,0.5278367634417195
612,4112,0.37138742419182785
613,4113,0.32964201124524806
614,4114,0.42329761262367976
615,4115,0.4853780370358684
616,4116,0.5133218207540129
617,4117,0.3440360432074316
618,4118,0.3053100138790578
619,4119,0.3750803098174721
620,4120,0.39858824641624757
621,4121,0.5482483678808747
622,4122,0.40361570042572853
623,4123,0.3780253258667781
624,4124,0.5179226814370955
625,4125,0.3684056023489965
626,4126,0.19257720411244544
627,4127,0.2832178941825316
628,4128,0.19720613218940589
629,4129,0.39210441529542217
630,4130,0.4294440721065045
631,4131,0.4038494952760825
632,4132,0.3386800875700314
633,4133,0.2695643416414277
634,4134,0.403429797709221
635,4135,0.3182024290177751
636,4136,0.44032906437035857
637,4137,0.3105293817207384
638,4138,0.30129477434924445
639,4139,0.367989006048667
640,4140,0.5089680235591153
641,4141,0.22925446898321666
642,4142,0.22404229682753013
643,4143,0.2712217407011406
644,4144,0.5652079689355191
645,4145,0.5789942885055139
646,4146,0.327038706144275
647,4147,0.4669543885606054
648,4148,0.441850234917377
649,4149,0.524667391068972
650,4150,0.33106293574379
651,4151,0.47610666348034136
652,4152,0.42716547468886096
653,4153,0.5014130061964667
654,4154,0.3566085281763678
655,4155,0.29465154089414386
656,4156,0.22004419340487746
657,4157,0.3524444793239229
658,4158,0.47241951822582856
659,4159,0.20888920619144455
660,4160,0.5190623393423777
661,4161,0.31473461480609627
662,4162,0.4635671018721385
663,4163,0.3250382323883107
664,4164,0.5488163140447593
665,4165,0.43417996561667094
666,4166,0.39883427213643796
667,4167,0.4929278600038136
668,4168,0.4834810421836378
669,4169,0.2798447664217776
670,4170,0.3430272192447722
671,4171,0.48471876840501715
672,4172,0.37789370386484983
673,4173,0.3382803297244571
674,4174,0.49137604123594336
675,4175,0.2851815169377361
676,4176,0.397210202701207
677,4177,0.308295219910305
678,4178,0.3591378007110448
679,4179,0.21639133759084742
680,4180,0.3057405150248127
681,4181,0.17760132700841666
682,4182,0.37744648246109647
683,4183,0.2983988783423985
684,4184,0.21998947021656343
685,4185,0.21181229306723556
686,4186,0.31692967278612216
687,4187,0.2403870794259326
688,4188,0.5800634007034307
689,4189,0.44421392356540307
690,4190,0.1865320426405135
691,4191,0.3787917990632635
692,4192,0.5671062822677616
693,4193,0.5005263393997129
694,4194,0.3619919861414953
695,4195,0.5321186342336295
696,4196,0.5284298179486933
697,4197,0.4581368951464569
698,4198,0.3976685919166369
699,4199,0.32335095988898305
700,4200,0.418405253144666
701,4201,0.47445274644540253
702,4202,0.20999461799131708
703,4203,0.513829847507969
704,4204,0.4552149253195292
705,4205,0.2110623433402205
706,4206,0.5551496903145484
707,4207,0.3462997993989573
708,4208,0.29773924826581394
709,4209,0.47568952882016674
710,4210,0.2724128869356149
711,4211,0.38690250940644755
712,4212,0.4491489762232597
713,4213,0.31113788417944693
714,4214,0.26791930422869165
715,4215,0.2809757764493712
716,4216,0.3801108241968278
717,4217,0.22747400590714498
718,4218,0.400294432686975
719,4219,0.4900995092055538
720,4220,0.5066365034938682
721,4221,0.4243010580713278
722,4222,0.48232027943461026
723,4223,0.256491825597578
724,4224,0.22893533986226758
725,4225,0.2840716615400899
726,4226,0.4672394815989142
727,4227,0.47838704449202735
728,4228,0.39192980319358006
729,4229,0.38732113510997357
730,4230,0.5060841937544764
731,4231,0.35591296456169386
732,4232,0.4360613139260877
733,4233,0.25243749942138444
734,4234,0.3051727047816536
735,4235,0.480411792280641
736,4236,0.3394206620425311
737,4237,0.4586538764415443
738,4238,0.47434741738149
739,4239,0.40683940126646206
740,4240,0.24678626451995467
741,4241,0.28963737634760106
742,4242,0.23851175226707466
743,4243,0.20725779407551936
744,4244,0.33345190354109044
745,4245,0.34045608436906977
746,4246,0.5318913335074276
747,4247,0.48607802586419885
748,4248,0.25116740027552803
749,4249,0.517723477877771
750,4250,0.21157623934235048
751,4251,0.4799407866424754
752,4252,0.24742999105123287
753,4253,0.3337025627923622
754,4254,0.33702668945635794
755,4255,0.30599453873005167
756,4256,0.18115485089735703
757,4257,0.46303690505488143
758,4258,0.5439201182177298
759,4259,0.5882327217698574
760,4260,0.42481629436172624
761,4261,0.19260629262461593
762,4262,0.3106007833500155
763,4263,0.38732439630299403
764,4264,0.3968997157970988
765,4265,0.1677666702000311
766,4266,0.4833999481391544
767,4267,0.2359118235053575
768,4268,0.17183646597222513
769,4269,0.36347724712537044
770,4270,0.3871865935237207
771,4271,0.3577291610577353
772,4272,0.1781014580131454
773,4273,0.41426917031215493
774,4274,0.5117328598976519
775,4275,0.4652371073452084
776,4276,0.5041658702014115
777,4277,0.41267194094803045
778,4278,0.27280985183324247
779,4279,0.401386351128559
780,4280,0.4490146302528179
781,4281,0.34097084981666975
782,4282,0.3313483593652233
783,4283,0.4573375999340715
784,4284,0.6022320038892686
785,4285,0.4783311693888392
786,4286,0.3261453869477256
787,4287,0.472763836696411
788,4288,0.3561318576606034
789,4289,0.48746456839848645
790,4290,0.2496231563758032
791,4291,0.25286328365688
792,4292,0.5137705187181563
793,4293,0.4717797310101621
794,4294,0.22354619557072744
795,4295,0.2364612481956728
796,4296,0.48200189720266573
797,4297,0.3695510313904413
798,4298,0.2612936963112276
799,4299,0.4796868014054535
800,4300,0.2185555695807192
801,4301,0.23821756061949478
802,4302,0.1783079869876891
803,4303,0.21703375860651827
804,4304,0.36848453838065276
805,4305,0.4853640320295006
806,4306,0.45587965048399826
807,4307,0.2134250139050436
808,4308,0.3299005781028852
809,4309,0.2266900454256132
810,4310,0.2989135419742265
811,4311,0.45589880351193585
812,4312,0.3490906438331259
813,4313,0.46473185769830816
814,4314,0.24960490610662334
815,4315,0.48814297956236535
816,4316,0.41873645445419355
817,4317,0.47329432671571886
818,4318,0.2996309804762487
819,4319,0.48111695907422025
820,4320,0.28709576021995936
821,4321,0.3471546959920622
822,4322,0.32087444400628634
823,4323,0.3162657529088678
824,4324,0.4218502487356367
825,4325,0.3723326318409201
826,4326,0.39769777356082725
827,4327,0.4894739660368382
828,4328,0.27331093664025097
829,4329,0.27727873180505497
830,4330,0.38423820489390415
831,4331,0.3455326759942553
832,4332,0.5215889263997906
833,4333,0.47285288237074136
834,4334,0.3298147490264362
835,4335,0.24551014584149566
836,4336,0.5040670499336032
837,4337,0.40081490247513274
838,4338,0.5022573888843637
839,4339,0.2554878570868032
840,4340,0.3086969503065204
841,4341,0.5302159472808752
842,4342,0.5019928545293736
843,4343,0.1877672866567499
844,4344,0.39095478430810604
845,4345,0.22446835006263197
846,4346,0.1969662663432143
847,4347,0.41316754747103146
848,4348,0.3608239593144396
849,4349,0.49726279438687115
850,4350,0.3118428892514548
851,4351,0.19163891575000291
852,4352,0.4238588971833906
853,4353,0.4211775638753182
854,4354,0.357766987705195
855,4355,0.34069286286206757
856,4356,0.5084637379083401
857,4357,0.4597137013471593
858,4358,0.48520027766615803
859,4359,0.4603172926847844
860,4360,0.5459061785677285
861,4361,0.5326329881839572
862,4362,0.3244352292977454
863,4363,0.3638606268473443
864,4364,0.3018865706096706
865,4365,0.3777948463086572
866,4366,0.2248736203972567
867,4367,0.34260897550520464
868,4368,0.1784672960830288
869,4369,0.4043511795468613
870,4370,0.3286363499415112
871,4371,0.3963901812631773
872,4372,0.4922440680901197
873,4373,0.48802236625845785
874,4374,0.4583507741088896
875,4375,0.47132690439880887
876,4376,0.36685798382044205
877,4377,0.30148064849575823
878,4378,0.3249564475042239
879,4379,0.38862902491573315
880,4380,0.38557399783166085
881,4381,0.2884390155226869
882,4382,0.3597939981405501
883,4383,0.5525743250084841
884,4384,0.4318583770731515
885,4385,0.41174032506060476
886,4386,0.3094084493328323
887,4387,0.5057884596936629
888,4388,0.49423591080107504
889,4389,0.5072948320984009
890,4390,0.26036201808019915
891,4391,0.36055969566350454
892,4392,0.46509380831008557
893,4393,0.24222809552980237
894,4394,0.2726311783929671
895,4395,0.36698923724439403
896,4396,0.39847114091982005
897,4397,0.2744481282529211
898,4398,0.5313707722334438
899,4399,0.23346148050868776
900,4400,0.332125231135421
901,4401,0.31374899706296544
902,4402,0.43527703376741655
903,4403,0.2710225791557287
904,4404,0.33277468157158324
905,4405,0.468748297927935
906,4406,0.41855766752395757
907,4407,0.3961938485260654
908,4408,0.36878697719276454
909,4409,0.3566519678843823
910,4410,0.492144642197133
911,4411,0.4060167674392594
912,4412,0.20954039533408048
913,4413,0.25632448726852375
914,4414,0.4530966363640754
915,4415,0.30191811822084424
916,4416,0.4788782484574325
917,4417,0.32208163434850495
918,4418,0.2987971556204076
919,4419,0.33290606753107954
920,4420,0.2457377269991755
921,4421,0.353796242589696
922,4422,0.48920541332386763
923,4423,0.4325470940816315
924,4424,0.5665601253056272
925,4425,0.30433579215409545
926,4426,0.3354752590273823
927,4427,0.32640056946722756
928,4428,0.4232562743639908
929,4429,0.48771868930044354
930,4430,0.46957497295888695
931,4431,0.46059787826170506
932,4432,0.5000892454870893
933,4433,0.21998711718054142
934,4434,0.27550495909909817
935,4435,0.4839658236660711
936,4436,0.1889946478636428
937,4437,0.32215810609560963
938,4438,0.363361531325198
939,4439,0.48244828175544735
940,4440,0.285983638085639
941,4441,0.1914912620828877
942,4442,0.33547696658979226
943,4443,0.21512096310891
944,4444,0.5187667691295338
945,4445,0.48156493194272665
946,4446,0.3722067487728324
947,4447,0.46831465538052564
948,4448,0.37369657671893947
949,4449,0.30126604995076534
950,4450,0.22293339772636941
951,4451,0.4841161012148337
952,4452,0.47763922945399806
953,4453,0.29147066449868075
954,4454,0.48494122230828096
955,4455,0.28378567160708584
956,4456,0.30343535802683363
957,4457,0.21931101774392345
958,4458,0.21202162506095268
959,4459,0.23241129567872376
960,4460,0.3831761743514447
961,4461,0.32233644958968355
962,4462,0.5032446437801222
963,4463,0.4991017892603684
964,4464,0.18921813951019498
965,4465,0.33885115737423044
966,4466,0.4781966945332082
967,4467,0.3635303845226139
968,4468,0.38119896904265105
969,4469,0.3672042242489478
970,4470,0.193895294996358
971,4471,0.32952085721310936
972,4472,0.4551456842506852
973,4473,0.48186777623488175
974,4474,0.2800649396846895
975,4475,0.5206760340621304
976,4476,0.3406612899065253
977,4477,0.19908415556980244
978,4478,0.5003597978718648
979,4479,0.35533574771232224
980,4480,0.36333318121534025
981,4481,0.20294637267773674
982,4482,0.3965035738317353
983,4483,0.21484214406857047
984,4484,0.4905493025662507
985,4485,0.3372194377536172
986,4486,0.2756178621834393
987,4487,0.27639252340381576
988,4488,0.26380906500657897
989,4489,0.3116399085641333
990,4490,0.21335127757554384
991,4491,0.33554635969779795
992,4492,0.5035753310446591
993,4493,0.4571178217037029
994,4494,0.18724161070499146
995,4495,0.3194394332306951
996,4496,0.33945187474118205
997,4497,0.5788929937680192
998,4498,0.4046831343330269
999,4499,0.4248964799221692
1000,4500,0.5423748412234783
1001,4501,0.3413569628735764
1002,4502,0.22105283071006718
1003,4503,0.3554854861236782
1004,4504,0.36464919852641775
1005,4505,0.5310222766642831
1006,4506,0.3446294825037547
1007,4507,0.19307476156295972
1008,4508,0.41265245786367566
1009,4509,0.3319915361601533
1010,4510,0.2056254905371502
1011,4511,0.3697156113960536
1012,4512,0.5636906232124587
1013,4513,0.3657163415208277
1014,4514,0.4873791140016885
1015,4515,0.3935652277682322
1016,4516,0.33209814031910007
1017,4517,0.3465251928455341
1018,4518,0.3978900342217597
1019,4519,0.4870857413422767
1020,4520,0.5255746083939293
1021,4521,0.39125265465074976
1022,4522,0.1971669206859009
1023,4523,0.18714890812401014
1024,4524,0.5012798945803442
1025,4525,0.49883977423156883
1026,4526,0.4196519153627804
1027,4527,0.23921096193262084
1028,4528,0.49487997814911644
1029,4529,0.3419137686922179
1030,4530,0.537337871395056
1031,4531,0.4792905412217913
1032,4532,0.46622522934192495
1033,4533,0.4645765657659201
1034,4534,0.505948467669214
1035,4535,0.2366427229313092
1036,4536,0.4663498886694672
1037,4537,0.35589915566095903
1038,4538,0.33198888493564355
1039,4539,0.4985699508945868
1040,4540,0.38331682519367916
1041,4541,0.35935737645926413
1042,4542,0.4112085080821902
1043,4543,0.34428218962818946
1044,4544,0.2606066366857989
1045,4545,0.3928516759096201
1046,4546,0.2754732370965499
1047,4547,0.2927634584560689
1048,4548,0.277927406204189
1049,4549,0.3926278354057905
1050,4550,0.29704208853431024
1051,4551,0.5363636225353222
1052,4552,0.33138389240425975
1053,4553,0.5019404198992641
1054,4554,0.47095666261239594
1055,4555,0.29891493218219883
1056,4556,0.5144569810676597
1057,4557,0.38458134603442057
1058,4558,0.4114906217382898
1059,4559,0.24238997465060078
1060,4560,0.39606625000203527
1061,4561,0.17525631790916096
1062,4562,0.4005729651174091
1063,4563,0.5127525511844315
1064,4564,0.30361711377440015
1065,4565,0.5301967819555446
1066,4566,0.3235626903058517
1067,4567,0.4804727218708067
1068,4568,0.39425985378043416
1069,4569,0.3518249097765769
1070,4570,0.27724936126462785
1071,4571,0.39679303025194756
1072,4572,0.20201201200244123
1073,4573,0.25037910534559077
1074,4574,0.48028909660702673
1075,4575,0.5136034532381268
1076,4576,0.4111866617476544
1077,4577,0.4949908810136299
1078,4578,0.33081750553517386
1079,4579,0.19686762325677112
1080,4580,0.36884323803929064
1081,4581,0.45158547339947974
1082,4582,0.21503498121916492
1083,4583,0.5019437318698787
1084,4584,0.24491546181613785
1085,4585,0.47257630465976486
1086,4586,0.4011494429398768
1087,4587,0.3677292703938867
1088,4588,0.4203573575217575
1089,4589,0.19779035388111801
1090,4590,0.46629251790939924
1091,4591,0.34963137574803843
1092,4592,0.35458451792403933
1093,4593,0.46462482489116036
1094,4594,0.3684606350463106
1095,4595,0.3220424406842045
1096,4596,0.39301001848772954
1097,4597,0.6042649550508754
1098,4598,0.4476700773080543
1099,4599,0.3815900454662786
1100,4600,0.44368849017827716
1101,4601,0.3818291118665755
1102,4602,0.2508898653050904
1103,4603,0.22081725728453383
1104,4604,0.4577115090596792
1105,4605,0.3894858994305938
1106,4606,0.25649150689471595
1107,4607,0.26346091761379575
1108,4608,0.32481846444604834
1109,4609,0.5081472740303677
1110,4610,0.3803771984426423
1111,4611,0.4857823746446779
1112,4612,0.4481091716461568
1113,4613,0.4353064035820489
1114,4614,0.3565468517530227
1115,4615,0.447148076004737
1116,4616,0.15432406284145508
1117,4617,0.34255181526383643
1118,4618,0.2510312543014258
1119,4619,0.4651943356072949
1120,4620,0.4962189235550173
1121,4621,0.37165255977862344
1122,4622,0.5909300481197247
1123,4623,0.41709129426586694
1124,4624,0.35542053224278614
1125,4625,0.4331914975661811
1126,4626,0.4858589245905352
1127,4627,0.44390478528465527
1128,4628,0.42913594392934906
1129,4629,0.3834018723197961
1130,4630,0.2963765450726714
1131,4631,0.37271250631994357
1132,4632,0.2625501554699456
1133,4633,0.20435316113710988
1134,4634,0.30594143383579253
1135,4635,0.3538657365712696
1136,4636,0.5028091496555842
1137,4637,0.3495607483954931
1138,4638,0.24474090228198317
1139,4639,0.2196524681295215
1140,4640,0.31743788340036355
1141,4641,0.3798899721583328
1142,4642,0.28912006479741303
1143,4643,0.21201111793449592
1144,4644,0.32791506658939007
1145,4645,0.48825497710079885
1146,4646,0.2938639170979059
1147,4647,0.4734834731740252
1148,4648,0.49551590369295545
1149,4649,0.4565489527239846
1150,4650,0.34839552859005435
1151,4651,0.2051368063719751
1152,4652,0.3140418716278424
1153,4653,0.3369949844787349
1154,4654,0.437157168068367
1155,4655,0.4553921858877202
1156,4656,0.3432692137565556
1157,4657,0.36365487720707634
1158,4658,0.35965786339980577
1159,4659,0.49346908823446484
1160,4660,0.26843235602598403
1161,4661,0.48466774638207816
1162,4662,0.24399174445006824
1163,4663,0.43730711193516514
1164,4664,0.24012903178954675
1165,4665,0.48504278164844417
1166,4666,0.22305290410158135
1167,4667,0.21412315316034536
1168,4668,0.28464126742454166
1169,4669,0.39601823659411567
1170,4670,0.34098052511366456
1171,4671,0.3109956127382229
1172,4672,0.24796113519255567
1173,4673,0.3169034502479367
1174,4674,0.3569087043313146
1175,4675,0.49803835406049907
1176,4676,0.31715539104982204
1177,4677,0.38098815221768234
1178,4678,0.34459149767837344
1179,4679,0.525096095425789
1180,4680,0.25170780425610445
1181,4681,0.35550201672326465
1182,4682,0.20940540610005962
1183,4683,0.2151696741355742
1184,4684,0.49127513170130216
1185,4685,0.20171697408298322
1186,4686,0.33799128673972023
1187,4687,0.22835304060362657
1188,4688,0.3536616880976898
1189,4689,0.2157425494504654
1190,4690,0.19022975435694783
1191,4691,0.4477334384440017
1192,4692,0.22461722694418979
1193,4693,0.285983638085639
1194,4694,0.3452991987075802
1195,4695,0.3101846074112503
1196,4696,0.3112680793470931
1197,4697,0.3305545968973027
1198,4698,0.5077420080518106
1199,4699,0.32287938419653045
1200,4700,0.21997682012710318
1201,4701,0.38725266913508394
1202,4702,0.1828052984188962
1203,4703,0.22390253673517715
1204,4704,0.4939493651890283
1205,4705,0.49492574342999196
1206,4706,0.3236774093878635
1207,4707,0.5106054715387469
1208,4708,0.299693329469113
1209,4709,0.4842206685742611
1210,4710,0.2752065000374097
1211,4711,0.3079188955772301
1212,4712,0.5929648884443427
1213,4713,0.40555623187138423
1214,4714,0.6241068776463803
1215,4715,0.4039084846926398
1216,4716,0.352638342677322
1217,4717,0.32640338519828804
1218,4718,0.527634581664717
1219,4719,0.4573578983316495
1220,4720,0.4626079558837026
1221,4721,0.4760892863167455
1222,4722,0.20854190902910336
1223,4723,0.38265113227822356
1224,4724,0.3877866529678096
1225,4725,0.47608573335863824
1226,4726,0.4410180850271337
1227,4727,0.21954476514020993
1228,4728,0.25389454630429403
1229,4729,0.3424959777727162
1230,4730,0.4734455863048209
1231,4731,0.46391723115190137
1232,4732,0.5096995584411561
1233,4733,0.30478608785396727
1234,4734,0.39114597697215764
1235,4735,0.2362134270386136
1236,4736,0.3276142942233424
1237,4737,0.46334162391238787
1238,4738,0.4133345230823082
1239,4739,0.4968792038407451
1240,4740,0.25305667607584825
1241,4741,0.44586286702627964
1242,4742,0.3051918060132438
1243,4743,0.4826938852750012
1244,4744,0.33232073139939766
1245,4745,0.4941944978066647
1246,4746,0.42712400917137056
1247,4747,0.332170863838665
1248,4748,0.6241068776463803
1249,4749,0.21591672690733466
1250,4750,0.4077704471501275
1251,4751,0.21054879329926945
1252,4752,0.5298056812246202
1253,4753,0.31047536042913765
1254,4754,0.39740110269536916
1255,4755,0.42924179311779503
1256,4756,0.3373285760003574
1257,4757,0.22253552521563802
1258,4758,0.5551496903145484
1259,4759,0.34916044921537925
1260,4760,0.36094168286642675
1261,4761,0.5684085084367217
1262,4762,0.4420868627552123
1263,4763,0.20943899974973929
1264,4764,0.3560478082939871
1265,4765,0.29344820780677267
1266,4766,0.5168332603511809
1267,4767,0.5434473045843246
1268,4768,0.3163158215843461
1269,4769,0.37625444004211994
1270,4770,0.3686832815512466
1271,4771,0.5303082552078753
1272,4772,0.3531551189786174
1273,4773,0.3700468594398092
1274,4774,0.3410106692764515
1275,4775,0.5116766015010473
1276,4776,0.205196356251505
1277,4777,0.47567541739500036
1278,4778,0.4477011322427721
1279,4779,0.2201266069449583
1280,4780,0.38205202069324423
1281,4781,0.4719921792905516
1282,4782,0.2475174763316932
1283,4783,0.3519222627066613
1284,4784,0.2266049031924641
1285,4785,0.23147700862816178
1286,4786,0.4223513201777857
1287,4787,0.30685983132127953
1288,4788,0.37675087347202113
1289,4789,0.5598801611311286
1290,4790,0.4846950149328874
1291,4791,0.3373843030411959
1292,4792,0.5230253612584753
1293,4793,0.5084124967736837
1294,4794,0.4574156413956306
1295,4795,0.19544226352894686
1296,4796,0.38026728176473606
1297,4797,0.4714002620166869
1298,4798,0.33046888371551064
1299,4799,0.18547520832495454
1300,4800,0.4488594841112091
1301,4801,0.5018847078857642
1302,4802,0.3331693322600819
1303,4803,0.2810277955986533
1304,4804,0.3889717654794076
1305,4805,0.3639632393869685
1306,4806,0.36153805963231084
1307,4807,0.5350965183089105
1308,4808,0.22580707903438063
1309,4809,0.2654010381415328
1310,4810,0.4645005591863096
1311,4811,0.33676742326790654
1312,4812,0.3954512469606608
1313,4813,0.30687042200650216
1314,4814,0.2492067135735231
1315,4815,0.5007993187630309
1316,4816,0.3050309914724728
1317,4817,0.5151501837301576
1318,4818,0.48525197244959195
1319,4819,0.3975312541576584
1320,4820,0.3208555951175954
1321,4821,0.38724058012877505
1322,4822,0.2504338942346853
1323,4823,0.24178328780166056
1324,4824,0.4164004739877132
1325,4825,0.22519683744793823
1326,4826,0.24427935659430983
1327,4827,0.23965460440360797
1328,4828,0.20286186573101592
1329,4829,0.43238378726572085
1330,4830,0.2967136047552227
1331,4831,0.2747082964823273
1332,4832,0.3300942841891741
1333,4833,0.4727805992047358
1334,4834,0.4484420643114053
1335,4835,0.49671639391421457
1336,4836,0.4956880727378676
1337,4837,0.4105632375288612
1338,4838,0.6067288248760893
1339,4839,0.33389740462258516
1340,4840,0.4322551555861287
1341,4841,0.5063112513497874
1342,4842,0.3411807680645789
1343,4843,0.41130832757503444
1344,4844,0.5574529295568561
1345,4845,0.4607848649596481
1346,4846,0.3786167190884261
1347,4847,0.5158159340847219
1348,4848,0.5187831033400659
1349,4849,0.26528249466722037
1350,4850,0.5031536620123837
1351,4851,0.36911706264064637
1352,4852,0.40643050262602354
1353,4853,0.5087069419346623
1354,4854,0.5057518163516499
1355,4855,0.31144775894885784
1356,4856,0.3323415842772689
1357,4857,0.217935329220078
1358,4858,0.4754905399330645
1359,4859,0.3739970720914529
1360,4860,0.47919307965233815
1361,4861,0.4896316427969044
1362,4862,0.5352816653364321
1363,4863,0.3356619543628638
1364,4864,0.49121325000060245
1365,4865,0.26189305743136354
1366,4866,0.321606968289842
1367,4867,0.36300332700864807
1368,4868,0.21022551147264973
1369,4869,0.3766084818881324
1370,4870,0.22059852585307246
1371,4871,0.458918834210564
1372,4872,0.2959363314234521
1373,4873,0.32460421621819585
1374,4874,0.4572931151001669
1375,4875,0.4444352341909086
1376,4876,0.5010950530998594
1377,4877,0.5604734542436729
1378,4878,0.48087969383884166
1379,4879,0.46974424981757495
1380,4880,0.243096204384349
1381,4881,0.46982927922228945
1382,4882,0.49365885324972203
1383,4883,0.4830231776435192
1384,4884,0.4908945433172567
1385,4885,0.343549125769367
1386,4886,0.3337522121193997
1387,4887,0.21997196330019594
1388,4888,0.3355859805521155
1389,4889,0.1909423656750978
1390,4890,0.4675667608492508
1391,4891,0.3133413881940028
1392,4892,0.3866612728078313
1393,4893,0.5016108336707407
1394,4894,0.37673075380244947
1395,4895,0.37778553607716575
1396,4896,0.4909888000107089
1397,4897,0.5007752176288106
1398,4898,0.22033800432011344
1399,4899,0.20333577416627424
1400,4900,0.3613870667005088
1401,4901,0.47749103137570353
1402,4902,0.46678235523168615
1403,4903,0.3042162110173961
1404,4904,0.4313324745260518
1405,4905,0.44349468204768433
1406,4906,0.6119034060641069
1407,4907,0.40996208112934196
1408,4908,0.20066809089364834
1409,4909,0.400218236448768
1410,4910,0.22767460043890567
1411,4911,0.46847903632042653
1412,4912,0.5418323240242755
1413,4913,0.49986137464712177
1414,4914,0.5110021634841957
1415,4915,0.30348655642752703
1416,4916,0.2859319956966322
1417,4917,0.23373080329396181
1418,4918,0.3848135166599642
1419,4919,0.475758456881785
1420,4920,0.4991017892603684
1421,4921,0.5398755869571148
1422,4922,0.43758666037347993
1423,4923,0.2293258752550812
1424,4924,0.28273224188755364
1425,4925,0.3363361257368237
1426,4926,0.5007041724212803
1427,4927,0.3248217220607458
1428,4928,0.29459833925399825
1429,4929,0.20260818716819629
1430,4930,0.41470182610037987
1431,4931,0.3367165995442212
1432,4932,0.25175954103125486
1433,4933,0.25348163400138124
1434,4934,0.527140357031321
1435,4935,0.29696855141485123
1436,4936,0.2197203196298052
1437,4937,0.30805027656739525
1438,4938,0.29644458499681026
1439,4939,0.3577522439740406
1440,4940,0.4668031584683432
1441,4941,0.4545054229457414
1442,4942,0.30048592959947545
1443,4943,0.4860335928010472
1444,4944,0.29759578650969454
1445,4945,0.5009775423063381
1446,4946,0.4774202078849779
1447,4947,0.3033864213025219
1448,4948,0.46878470319264987
1449,4949,0.2298428767023818
1450,4950,0.5464961348839061
1451,4951,0.45713836168910277
1452,4952,0.22275384016065292
1453,4953,0.23329139432746224
1454,4954,0.4052110014175995
1455,4955,0.5239153633727571
1456,4956,0.5349451602086741
1457,4957,0.3404533723137399
1458,4958,0.46420014725508496
1459,4959,0.5111619528739353
1460,4960,0.16354741800097497
1461,4961,0.37881896683911437
1462,4962,0.42665789479134747
1463,4963,0.4586206503183904
1464,4964,0.39142904161478903
1465,4965,0.4945217241443324
1466,4966,0.5405550935668798
1467,4967,0.48049246808656226
1468,4968,0.27817697093881766
1469,4969,0.4327085719532882
1470,4970,0.24537960045848642
1471,4971,0.37370947026714885
1472,4972,0.3223851288344234
1473,4973,0.46802639056577955
1474,4974,0.4836478569835046
1475,4975,0.38791728642552153
1476,4976,0.33180236851809397
1477,4977,0.18129024439940516
1478,4978,0.30767436564267625
1479,4979,0.5358183147935306
1480,4980,0.2850187676561574
1481,4981,0.30504638730971706
1482,4982,0.37946772820701563
1483,4983,0.5917773102324304
1484,4984,0.5224303217791852
1485,4985,0.38776960125320414
1486,4986,0.3312653072823033
1487,4987,0.5227416857418882
1488,4988,0.257866753805648
1489,4989,0.4508819918845567
1490,4990,0.37700518915403386
1491,4991,0.3310333642673677
1492,4992,0.4687715039242672
1493,4993,0.17774217438081685
1494,4994,0.489588057074598
1495,4995,0.4011148244053757
1496,4996,0.3109163998828653
1497,4997,0.5460025813970557
1498,4998,0.41010391305410177
1499,4999,0.34421750942082485
1500,5000,0.42625886215534176
1501,5001,0.47705967907912417
1502,5002,0.3170897486377566
1503,5003,0.35006911424270015
1504,5004,0.4316447505718182
1505,5005,0.29536822053663303
1506,5006,0.4610916007421367
1507,5007,0.4752406185791634
1508,5008,0.3361863838179618
1509,5009,0.47371436183698323
1510,5010,0.4315441712073451
1511,5011,0.4946994085703212
1512,5012,0.3231041452930102
1513,5013,0.5282779829450527
1514,5014,0.21641183095687994
1515,5015,0.20579655481056983
1516,5016,0.5522078887469493
1517,5017,0.375814862545974
1518,5018,0.21240862240915848
1519,5019,0.31268419348664794
1520,5020,0.46740553451908573
1521,5021,0.21036569905634497
1522,5022,0.556286409915407
1523,5023,0.4739281133546762
1524,5024,0.3985921528907199
1525,5025,0.47209434756232377
1526,5026,0.5338378094697371
1527,5027,0.316835843025192
1528,5028,0.2306497970952116
1529,5029,0.4718914332168007
1530,5030,0.33062258360772634
1531,5031,0.2905983231831411
1532,5032,0.5535718597889113
1533,5033,0.3627672713569019
1534,5034,0.521564042716294
1535,5035,0.30969470608494254
1536,5036,0.4428761466382744
1537,5037,0.45404896295648195
1538,5038,0.2367208776994724
1539,5039,0.3057104206567547
1540,5040,0.3239010160811665
1541,5041,0.29815040110674995
1542,5042,0.21039580007266653
1543,5043,0.26774686361793676
1544,5044,0.5450347213344608
1545,5045,0.41620834211272717
1546,5046,0.1703308671140178
1547,5047,0.32872354676856014
1548,5048,0.3936995710371392
1549,5049,0.4915145265196934
1550,5050,0.4078781623458725
1551,5051,0.326030476886774
1552,5052,0.4073226365695279
1553,5053,0.4840063791732063
1554,5054,0.5221309741711245
1555,5055,0.4969098037164936
1556,5056,0.39954088175457025
1557,5057,0.45309742822327176
1558,5058,0.44208841048825703
1559,5059,0.4003236316411261
1560,5060,0.4393208069663356
1561,5061,0.22365416879880295
1562,5062,0.258022343466211
1563,5063,0.5070924799627398
1564,5064,0.3475528124053242
1565,5065,0.3199560827771595
1566,5066,0.2862327930088274
1567,5067,0.2798310543540169
1568,5068,0.20112921531430084
1569,5069,0.23683097661291133
1570,5070,0.27613296154348915
1571,5071,0.5280787067989807
1572,5072,0.2627784832438257
1573,5073,0.5255255572625012
1574,5074,0.3230807141006205
1575,5075,0.3059323874302315
1576,5076,0.5026777381729484
1577,5077,0.41992614626173497
1578,5078,0.3193426517551228
1579,5079,0.4894089173705952
1580,5080,0.23389408647665108
1581,5081,0.4544437189266808
1582,5082,0.3804734867105767
1583,5083,0.319658349146634
1584,5084,0.4513389198196363
1585,5085,0.42690368621847485
1586,5086,0.28445092323019966
1587,5087,0.3488289874089537
1588,5088,0.439097207798737
1589,5089,0.4277786620211704
1590,5090,0.3718982745216481
1591,5091,0.4824542847259457
1592,5092,0.3753039512919262
1593,5093,0.2982669415094256
1594,5094,0.4155754867877091
1595,5095,0.46263128013728383
1596,5096,0.22138467310109902
1597,5097,0.43129659424876265
1598,5098,0.41510462777639456
1599,5099,0.22646677661602654
1600,5100,0.3446686923650394
1601,5101,0.255788046601988
1602,5102,0.2930964104934404
1603,5103,0.21480207352363972
1604,5104,0.363945008023991
1605,5105,0.24927720487761268
1606,5106,0.5255746083939293
1607,5107,0.4857525959727172
1608,5108,0.4207253638594065
1609,5109,0.5253241574144734
1610,5110,0.4588310242526794
1611,5111,0.45028760723879757
1612,5112,0.3358123018678432
1613,5113,0.37359104192920173
1614,5114,0.25162142829770895
1615,5115,0.4788621728146567
1616,5116,0.2460613704134656
1617,5117,0.28419543285153387
1618,5118,0.24860078300578792
1619,5119,0.2650963974824784
1620,5120,0.49972280757448023
1621,5121,0.3871612844344692
1622,5122,0.3111138982188841
1623,5123,0.5272899720940992
1624,5124,0.5694037247806725
1625,5125,0.18802185142681357
1626,5126,0.21126663430694703
1627,5127,0.42690401698198327
1628,5128,0.4721051337673433
1629,5129,0.2137756031463857
1630,5130,0.29786452474050695
1631,5131,0.2603516171453011
1632,5132,0.21206513214535674
1633,5133,0.3696206915486763
1634,5134,0.42496626686366423
1635,5135,0.21220089418429555
1636,5136,0.1962575546050333
1637,5137,0.48937355947148253
1638,5138,0.3497111019152963
1639,5139,0.39697666610588733
1640,5140,0.4469181631196665
1641,5141,0.3924275506506552
1642,5142,0.45112791599325314
1643,5143,0.35517025447527495
1644,5144,0.44660215439552803
1645,5145,0.3217379278582975
1646,5146,0.2805201013517563
1647,5147,0.4662402017708327
1648,5148,0.5685092277354247
1649,5149,0.5918423110942013
1650,5150,0.3335404746919329
1651,5151,0.4688772747815559
1652,5152,0.5206917790469323
1653,5153,0.3522462345573559
1654,5154,0.5044896047853985
1655,5155,0.29141478572389184
1656,5156,0.32559137771478724
1657,5157,0.4570369492813187
1658,5158,0.19907162665183975
1659,5159,0.4931281021115044
1660,5160,0.47701073577295466
1661,5161,0.2004089020050251
1662,5162,0.4741470595481423
1663,5163,0.44796658215212126
1664,5164,0.34612998772880366
1665,5165,0.45574844308569196
1666,5166,0.34981665868664874
1667,5167,0.2117467018007423
1668,5168,0.26875591496725404
1669,5169,0.5286853720226825
1670,5170,0.43654189451545133
1671,5171,0.4137361302063835
1672,5172,0.21711014401239428
1673,5173,0.47955439185947063
1674,5174,0.38572323976799133
1675,5175,0.487578829730203
1676,5176,0.27039527345828895
1677,5177,0.3134316729039288
1678,5178,0.37037853335291765
1679,5179,0.4991619142688517
1680,5180,0.2697250860913598
1681,5181,0.5050965224477948
1682,5182,0.41690576832615334
1683,5183,0.24284689422875735
1684,5184,0.29970076877892604
1685,5185,0.20391217326167177
1686,5186,0.5033363270254977
1687,5187,0.27716028441059676
1688,5188,0.37789126268109685
1689,5189,0.5066375521930531
1690,5190,0.2024475889075994
1691,5191,0.29981005361711727
1692,5192,0.21561749124886417
1693,5193,0.39260969779816235
1694,5194,0.48266101102074677
1695,5195,0.2284123003973461
1696,5196,0.36863334513031326
1697,5197,0.2558098307678772
1698,5198,0.40966005770044156
1699,5199,0.34049195834147716
1700,5200,0.4505521969435208
1701,5201,0.279062122572526
1702,5202,0.23733127990652197
1703,5203,0.41198076504888215
1704,5204,0.38597403654023515
1705,5205,0.3483569371661105
1706,5206,0.3066583661986947
1707,5207,0.3555588194976893
1708,5208,0.5021340134555411
1709,5209,0.4042311171889083
1710,5210,0.30878322091475563
1711,5211,0.3488928322481199
1712,5212,0.3266785955400446
1713,5213,0.34142652982649063
1714,5214,0.4411007964574325
1715,5215,0.5241469276097166
1716,5216,0.42498164987742376
1717,5217,0.3591772584327614
1718,5218,0.25901314616477145
1719,5219,0.4694150092934953
1720,5220,0.5489833054778012
1721,5221,0.4825226193178701
1722,5222,0.4818675942458337
1723,5223,0.3221318431719366
1724,5224,0.27721065712238097
1725,5225,0.5251241782501306
1726,5226,0.4724191883300306
1727,5227,0.19229018443314547
1728,5228,0.38315202746093774
1729,5229,0.3808460939407567
1730,5230,0.3826761633304629
1731,5231,0.41855137213561666
1732,5232,0.5098692495769135
1733,5233,0.4516966288998932
1734,5234,0.3441365300256222
1735,5235,0.4438377918279761
1736,5236,0.2652823345463138
1737,5237,0.37091518365338255
1738,5238,0.4722252484140156
1739,5239,0.18841008717464963
1740,5240,0.22490695499658678
1741,5241,0.513829847507969
1742,5242,0.3805838657118248
1743,5243,0.3908288140895851
1744,5244,0.19682801936760647
1745,5245,0.24459299149665795
1746,5246,0.5113017970690206
1747,5247,0.33365799754145664
1748,5248,0.5520609992219815
1749,5249,0.31302007643529345
1750,5250,0.41202105375269765
1751,5251,0.4152502190002904
1752,5252,0.20773790788853563
1753,5253,0.2835377948975426
1754,5254,0.45506284002724984
1755,5255,0.31132120349380676
1756,5256,0.36545988442923083
1757,5257,0.4753963671172285
1758,5258,0.5096995584411561
1759,5259,0.2635549756971842
1760,5260,0.25118810773848543
1761,5261,0.4093032760264357
1762,5262,0.2112672557963549
1763,5263,0.2104022817300126
1764,5264,0.573137408815674
1765,5265,0.35697152167098944
1766,5266,0.4067444821903511
1767,5267,0.28894392524206985
1768,5268,0.4115342854528793
1769,5269,0.23223282562608855
1770,5270,0.30464787896518325
1771,5271,0.4453837591966126
1772,5272,0.5137746755118754
1773,5273,0.47112260410954654
1774,5274,0.21352497323763825
1775,5275,0.49888875989904685
1776,5276,0.4066062626748799
1777,5277,0.19298354055749103
1778,5278,0.24942788297952245
1779,5279,0.48978841626294206
1780,5280,0.47402071372810717
1781,5281,0.39110287482611505
1782,5282,0.33261094614457
1783,5283,0.2144369007851788
1784,5284,0.33982467029308805
1785,5285,0.3150972611117464
1786,5286,0.4689865907890172
1787,5287,0.4619285452225899
1788,5288,0.37577923376207095
1789,5289,0.45501524994498205
1790,5290,0.3013339187534627
1791,5291,0.34353866126166926
1792,5292,0.3226496523580423
1793,5293,0.472247726997135
1794,5294,0.5335566548263642
1795,5295,0.22077608191555548
1796,5296,0.3796268355924087
1797,5297,0.45648495414099455
1798,5298,0.237034294641431
1799,5299,0.44938067020184697
1800,5300,0.28839136115642144
1801,5301,0.3662281803296246
1802,5302,0.22262318049797225
1803,5303,0.49713052220190895
1804,5304,0.4896959720699314
1805,5305,0.35966800071592586
1806,5306,0.3562862629392544
1807,5307,0.3594641801637164
1808,5308,0.26086703506434783
1809,5309,0.40422034447005195
1810,5310,0.24850044864521847
1811,5311,0.38858145900178337
1812,5312,0.19987742090927682
1813,5313,0.2953557758455167
1814,5314,0.5272567729359797
1815,5315,0.2201874600115169
1816,5316,0.42199822317995705
1817,5317,0.2620560490213004
1818,5318,0.506725653815127
1819,5319,0.35920503558809147
1820,5320,0.35097764476796894
1821,5321,0.477306513438441
1822,5322,0.198112172383311
1823,5323,0.5041742354765916
1824,5324,0.4178571060823045
1825,5325,0.4042070721956648
1826,5326,0.3441069795804136
1827,5327,0.39766877632129133
1828,5328,0.21681867491286155
1829,5329,0.5328965401016346
1830,5330,0.3816535425562315
1831,5331,0.18522477096548431
1832,5332,0.333907078359711
1833,5333,0.3318159205451701
1834,5334,0.4759747717726413
1835,5335,0.30562604289828543
1836,5336,0.45760599485306125
1837,5337,0.36903985462148836
1838,5338,0.2223056055615943
1839,5339,0.25976323093590364
1840,5340,0.19061400871266873
1841,5341,0.20245071724862806
1842,5342,0.38925011769598244
1843,5343,0.43910271147568913
1844,5344,0.5496809533298093
1845,5345,0.347497063838605
1846,5346,0.3901555090243732
1847,5347,0.5174927417979865
1848,5348,0.15336921042385046
1849,5349,0.3748065693370244
1850,5350,0.2840407808622377
1851,5351,0.29336471822546273
1852,5352,0.34414569093706937
1853,5353,0.37888824669515236
1854,5354,0.5180145144296093
1855,5355,0.5311096463318057
1856,5356,0.5520665194025445
1857,5357,0.48024593782470143
1858,5358,0.3766278411482363
1859,5359,0.2977840585881648
1860,5360,0.4622983225316327
1861,5361,0.3116777771834645
1862,5362,0.35890526104669446
1863,5363,0.5099090411017299
1864,5364,0.42221667103531346
1865,5365,0.3903215121479129
1866,5366,0.42473459424862237
1867,5367,0.5778304464629119
1868,5368,0.3620494847928732
1869,5369,0.21787052401258822
1870,5370,0.33190568668596393
1871,5371,0.3821741175700183
1872,5372,0.40366855766218307
1873,5373,0.4329064390891094
1874,5374,0.284120897405456
1875,5375,0.18760550436402315
1876,5376,0.45827510067076405
1877,5377,0.4737789324962302
1878,5378,0.30523063174958076
1879,5379,0.30608869166299657
1880,5380,0.5552182958661043
1881,5381,0.37042199688894656
1882,5382,0.2802418361026257
1883,5383,0.18455598092871842
1884,5384,0.40927004579743176
1885,5385,0.23214493769823996
1886,5386,0.2890208711561659
1887,5387,0.48051996490228566
1888,5388,0.3059248165324874
1889,5389,0.4805163517928269
1890,5390,0.42192593558567887
1891,5391,0.24084547039995477
1892,5392,0.487518888736598
1893,5393,0.19081251118733764
1894,5394,0.3420379540389329
1895,5395,0.39021946384386813
1896,5396,0.4686692619067943
1897,5397,0.2205933608266674
1898,5398,0.20996017779562096
1899,5399,0.21138925352501578
1900,5400,0.25018167603528263
1901,5401,0.48344571020920285
1902,5402,0.41997981392064854
1903,5403,0.1595513958265001
1904,5404,0.35836271555782695
1905,5405,0.22777250157476342
1906,5406,0.36525386002844556
1907,5407,0.29329853911485704
1908,5408,0.17195599310115456
1909,5409,0.2615162034307643
1910,5410,0.5561446351021873
1911,5411,0.43012414221290585
1912,5412,0.47432057195571736
1913,5413,0.20052856149584464
1914,5414,0.3206297915125823
1915,5415,0.32957568096516043
1916,5416,0.5020800077523476
1917,5417,0.49803835406049907
1918,5418,0.441466874729363
1919,5419,0.24335773659238216
1920,5420,0.528740191704496
1921,5421,0.2004718930194392
1922,5422,0.258554710380132
1923,5423,0.31614664604378306
1924,5424,0.5548422401861862
1925,5425,0.3325315144632169
1926,5426,0.33475817030395466
1927,5427,0.4720397552112198
1928,5428,0.33104505817761465
1929,5429,0.4722889293575121
1930,5430,0.22709098506127326
1931,5431,0.4256886655302874
1932,5432,0.19911122736126263
1933,5433,0.45572189355081527
1934,5434,0.37678585136326476
1935,5435,0.20592011163885515
1936,5436,0.35380099887190114
1937,5437,0.5446082053417421
1938,5438,0.527388964978768
1939,5439,0.46500628741387223
1940,5440,0.49998538835626183
1941,5441,0.23066887458579025
1942,5442,0.47358290535357234
1943,5443,0.23266437491868658
1944,5444,0.3313680572992246
1945,5445,0.25460481320262796
1946,5446,0.2943087702429323
1947,5447,0.2729018307519098
1948,5448,0.48072626243875755
1949,5449,0.4248965094967172
1950,5450,0.5656609830489366
1951,5451,0.2343624469494137
1952,5452,0.39182448571224887
1953,5453,0.38615153186524737
1954,5454,0.261210227923139
1955,5455,0.2144887582808442
1956,5456,0.4419282281236856
1957,5457,0.20442258696094073
1958,5458,0.4364452106802287
1959,5459,0.4805971213716769
1960,5460,0.5397264322147752
1961,5461,0.3924963535677022
1962,5462,0.4610530308940134
1963,5463,0.5023043687662928
1964,5464,0.22359674553692932
1965,5465,0.3650009866420251
1966,5466,0.1870194083579708
1967,5467,0.23292060020337016
1968,5468,0.25066745984085753
1969,5469,0.40762709257380775
1970,5470,0.3121841774803115
1971,5471,0.45319058235505466
1972,5472,0.30182238322736793
1973,5473,0.38717428825512107
1974,5474,0.210850380788073
1975,5475,0.2301532447141661
1976,5476,0.31004176132892486
1977,5477,0.3252699702536546
1978,5478,0.3940396001964485
1979,5479,0.24270840195950463
1980,5480,0.298093914271614
1981,5481,0.3834069007516121
1982,5482,0.39406225530323075
1983,5483,0.27989134040933544
1984,5484,0.29324028668269003
1985,5485,0.4490999445889347
1986,5486,0.21053838675014142
1987,5487,0.2268965869079031
1988,5488,0.35881555115705005
1989,5489,0.3372671484811915
1990,5490,0.436432898015606
1991,5491,0.32902205287395725
1992,5492,0.39470663347166735
1993,5493,0.18715955273594628
1994,5494,0.32350798856947977
1995,5495,0.48276672139465143
1996,5496,0.4991017892603684
1997,5497,0.37469075832911175
1998,5498,0.2721609068806074
1999,5499,0.3625300720013731
2000,5500,0.2650489020958967
2001,5501,0.5240262878277315
2002,5502,0.4769898192676249
2003,5503,0.1987689576468394
2004,5504,0.3297209530247237
2005,5505,0.322679517726438
2006,5506,0.3825918494354436
2007,5507,0.4247718012154917
2008,5508,0.4497943032756666
2009,5509,0.3200568154418615
2010,5510,0.23606168508650402
2011,5511,0.45323023081867886
2012,5512,0.3821552561471887
2013,5513,0.4943721053542526
2014,5514,0.26647436698613963
2015,5515,0.3658952658818416
2016,5516,0.2308663034756938
2017,5517,0.45738912272024956
2018,5518,0.5105833560737996
2019,5519,0.5458189670186486
2020,5520,0.4718238161021191
2021,5521,0.19309597443942633
2022,5522,0.5016811607865911
2023,5523,0.4886198695317831
2024,5524,0.32042672170707964
2025,5525,0.49422873227842534
2026,5526,0.42946753626980666
2027,5527,0.22009383579143862
2028,5528,0.47802022564939406
2029,5529,0.3461741426356808
2030,5530,0.3130674812378743
2031,5531,0.3214239311160349
2032,5532,0.4036268638651648
2033,5533,0.3926456307802432
2034,5534,0.22593528966787066
2035,5535,0.16463629123988321
2036,5536,0.3609495368851459
2037,5537,0.22676308869311929
2038,5538,0.5061016451291832
2039,5539,0.5245164388668114
2040,5540,0.48821659100869624
2041,5541,0.5132378591094626
2042,5542,0.5332376867994078
2043,5543,0.3537495777404603
2044,5544,0.40661395210147533
2045,5545,0.4171404405069279
2046,5546,0.2276769667693018
2047,5547,0.3230335449649752
2048,5548,0.21587664354738578
2049,5549,0.25681768131778526
2050,5550,0.26179142573676567
2051,5551,0.308463305087875
2052,5552,0.31349876860201326
2053,5553,0.4827764826993994
2054,5554,0.42562504899998177
2055,5555,0.21515678394979126
2056,5556,0.3880424616595176
2057,5557,0.5256889965520051
2058,5558,0.3854376472285943
2059,5559,0.4443377270692828
2060,5560,0.25951250537042886
2061,5561,0.3875480268872438
2062,5562,0.5011564908117485
2063,5563,0.37891855838044264
2064,5564,0.38301789670979325
2065,5565,0.3580181221506381
2066,5566,0.3286605412465412
2067,5567,0.28283742169764364
2068,5568,0.31594238068207586
2069,5569,0.3772049667963921
2070,5570,0.5706629954175048
2071,5571,0.39957586775536286
2072,5572,0.31638258736577335
2073,5573,0.47259204851485725
2074,5574,0.37862235449138565
2075,5575,0.34911807861962557
2076,5576,0.3119668826077185
2077,5577,0.20450858731755525
2078,5578,0.36358438565046486
2079,5579,0.48599629463701755
2080,5580,0.48617357291210456
2081,5581,0.21946190190744133
2082,5582,0.42575075512855376
2083,5583,0.2473066174233041
2084,5584,0.4494564970279294
2085,5585,0.4121317474697443
2086,5586,0.3452797154080657
2087,5587,0.5277594823435092
2088,5588,0.3131810007901395
2089,5589,0.531042402134532
2090,5590,0.3801502804230037
2091,5591,0.35688667650608785
2092,5592,0.3937973027539749
2093,5593,0.41287319368870307
2094,5594,0.3685617464736069
2095,5595,0.4179841400198259
2096,5596,0.4143841115957327
2097,5597,0.5256889965520051
2098,5598,0.24164392794437792
2099,5599,0.41831901319392206
2100,5600,0.46893706821307185
2101,5601,0.4864942711412249
2102,5602,0.2265180722626918
2103,5603,0.5350962466415323
2104,5604,0.520936256707275
2105,5605,0.5571215690252405
2106,5606,0.4829539106640178
2107,5607,0.2370089087377748
2108,5608,0.3720316144323869
2109,5609,0.46236882918061234
2110,5610,0.4716403392502432
2111,5611,0.3181541982018663
2112,5612,0.29563985081228183
2113,5613,0.2408164791593244
2114,5614,0.49604077974213373
2115,5615,0.298798902114293
2116,5616,0.478748473419187
2117,5617,0.32383315494203735
2118,5618,0.33747620498228414
2119,5619,0.39133385980320823
2120,5620,0.4881450874517235
2121,5621,0.33786773799713055
2122,5622,0.3319390548581273
2123,5623,0.2662940526265252
2124,5624,0.2575382094128248
2125,5625,0.3818546341354927
2126,5626,0.32060976962159693
2127,5627,0.2431872389561324
2128,5628,0.4783308650143107
2129,5629,0.30382872377479964
2130,5630,0.37907905310320333
2131,5631,0.3488489514051979
2132,5632,0.435881409612279
2133,5633,0.3141721613077181
2134,5634,0.32758665865449305
2135,5635,0.2844855578364909
2136,5636,0.5102169771216866
2137,5637,0.2938731262594092
2138,5638,0.4435788433626993
2139,5639,0.24437764464491452
2140,5640,0.4965763778002525
2141,5641,0.4452137381578097
2142,5642,0.284612008234479
2143,5643,0.2193488662416162
2144,5644,0.5703736744365078
2145,5645,0.3400323033485393
2146,5646,0.44197038669226324
2147,5647,0.4222098004832444
2148,5648,0.347042884017315
2149,5649,0.4089775274247166
2150,5650,0.20489456860851973
2151,5651,0.3419129064513466
2152,5652,0.4019363958201969
2153,5653,0.49596616144100103
2154,5654,0.3613008944533867
2155,5655,0.482489715315356
2156,5656,0.5038501707858984
2157,5657,0.37850351812246674
2158,5658,0.2050102010660665
2159,5659,0.5459788919580753
2160,5660,0.18676472420602264
2161,5661,0.31669528106877753
2162,5662,0.4221013483734083
2163,5663,0.44437476578906226
2164,5664,0.4495856543012138
2165,5665,0.36960883934628447
2166,5666,0.479886440700799
2167,5667,0.4657778399089512
2168,5668,0.30328439296263815
2169,5669,0.22458555629979735
2170,5670,0.21950663689816097
2171,5671,0.4250400941121548
2172,5672,0.4188647309137467
2173,5673,0.19614543981165103
2174,5674,0.37593724601399886
2175,5675,0.27596800043108355
2176,5676,0.22690350783332464
2177,5677,0.2986425299190115
2178,5678,0.5173247451264488
2179,5679,0.37712182364845936
2180,5680,0.31767114963328263
2181,5681,0.2952984209720487
2182,5682,0.20546135344494063
2183,5683,0.22690634077340807
2184,5684,0.4727335695301047
2185,5685,0.3611213149861951
2186,5686,0.41961835189176017
2187,5687,0.48145483988749793
2188,5688,0.46521937506559147
2189,5689,0.46411499256203276
2190,5690,0.47202294714298626
2191,5691,0.33147145726891564
2192,5692,0.5183240133140888
2193,5693,0.3802435208155977
2194,5694,0.25879659251492276
2195,5695,0.4204934856084149
2196,5696,0.4779987694808209
2197,5697,0.24264834080018288
2198,5698,0.47719093472224566
2199,5699,0.29834408989461986
2200,5700,0.43705746158554815
2201,5701,0.2995185729533645
2202,5702,0.4274228979057282
2203,5703,0.3332594110561072
2204,5704,0.15665493265617808
2205,5705,0.341278003715982
2206,5706,0.5618434732401448
2207,5707,0.2523918917280074
2208,5708,0.4894542565909454
2209,5709,0.5271960572966065
2210,5710,0.47390890919168926
2211,5711,0.45947414734058944
2212,5712,0.21098529340362224
2213,5713,0.3466659273751487
2214,5714,0.41211454253918406
2215,5715,0.470302411958528
2216,5716,0.3395723657808323
2217,5717,0.23165786545943148
2218,5718,0.317319336012631
2219,5719,0.49366999575384374
2220,5720,0.19267136001201662
2221,5721,0.45734664252615126
2222,5722,0.19869456285131742
2223,5723,0.23482463867895995
2224,5724,0.27969233723693365
2225,5725,0.2898917842099361
2226,5726,0.28208680361909766
2227,5727,0.18169484595948387
2228,5728,0.30242899105937515
2229,5729,0.27154874330803896
2230,5730,0.32073897492529696
2231,5731,0.31798376248304216
2232,5732,0.4657475947430371
2233,5733,0.4441751655318859
2234,5734,0.5292602936038027
2235,5735,0.22722021225221056
2236,5736,0.36675827143811207
2237,5737,0.5245244113490519
2238,5738,0.2987560995579977
2239,5739,0.27592315151252833
2240,5740,0.2357141670975573
2241,5741,0.24817009218487307
2242,5742,0.5000382388028793
2243,5743,0.333779351227634
2244,5744,0.25488166031003806
2245,5745,0.38403199632260987
2246,5746,0.2980099507279088
2247,5747,0.19333091670053829
2248,5748,0.33151731242133997
2249,5749,0.258592774699462
2250,5750,0.3419556740275593
2251,5751,0.48808433444238597
2252,5752,0.453357763480285
2253,5753,0.2973845045339877
2254,5754,0.467884594607265
2255,5755,0.21967241941781254
2256,5756,0.2917941949321353
2257,5757,0.48314510267166816
2258,5758,0.3319074326099598
2259,5759,0.4716121275143167
2260,5760,0.35551452648684
2261,5761,0.2273687075894137
2262,5762,0.40025187907040466
2263,5763,0.30933397911556787
2264,5764,0.2624866548036038
2265,5765,0.31054098915066247
2266,5766,0.21457173273533964
2267,5767,0.22848483250953616
2268,5768,0.3661699268144165
2269,5769,0.4809671735552596
2270,5770,0.5493595065797577
2271,5771,0.4690320715962361
2272,5772,0.30892301991381904
2273,5773,0.19232949876628364
2274,5774,0.4658567097471454
2275,5775,0.5370157719930729
2276,5776,0.4613223617922288
2277,5777,0.5757113857022942
2278,5778,0.4569284211606779
2279,5779,0.4992378668703548
2280,5780,0.4886827276364829
2281,5781,0.4252303676097515
2282,5782,0.5420568207903969
2283,5783,0.2378897088496094
2284,5784,0.21112609252560333
2285,5785,0.23375586657711409
2286,5786,0.48803943976288194
2287,5787,0.46592788363789805
2288,5788,0.4424281798578121
2289,5789,0.20824578461860582
2290,5790,0.22849133896607818
2291,5791,0.28738894633390155
2292,5792,0.3659202464810473
2293,5793,0.42692312780814634
2294,5794,0.3762079910570462
2295,5795,0.41624011486211215
2296,5796,0.26419741242373546
2297,5797,0.49150349364064233
2298,5798,0.3767285794842158
2299,5799,0.5320234529056705
2300,5800,0.2165884264860526
2301,5801,0.3311804330457905
2302,5802,0.5074402343530455
2303,5803,0.21369625550812407
2304,5804,0.5067605001295791
2305,5805,0.5023885230422186
2306,5806,0.385564996979964
2307,5807,0.48801807715081813
2308,5808,0.27956554891678137
2309,5809,0.3440217414256788
2310,5810,0.3206083006162011
2311,5811,0.2957492016857669
2312,5812,0.4227461536494806
2313,5813,0.3332552055465811
2314,5814,0.4672459185788467
2315,5815,0.4322153594196494
2316,5816,0.23758206296843948
2317,5817,0.4962927016543299
2318,5818,0.5004062187747524
2319,5819,0.4983648612339453
2320,5820,0.4991209044326036
2321,5821,0.4510541307454127
2322,5822,0.5229269215099512
2323,5823,0.23582442788851096
2324,5824,0.2818480586693644
2325,5825,0.24150355730917258
2326,5826,0.4814707667978643
2327,5827,0.41909825663329037
2328,5828,0.25908409883930383
2329,5829,0.1977575285179841
2330,5830,0.42738721350706016
2331,5831,0.47317975766521914
2332,5832,0.31710906385531945
2333,5833,0.38100821921885575
2334,5834,0.3744535875992389
2335,5835,0.3234750725932175
2336,5836,0.5902075230765219
2337,5837,0.4011522783144207
2338,5838,0.5025086492842026
2339,5839,0.40413794668282255
2340,5840,0.4894127198276535
2341,5841,0.525064320866731
2342,5842,0.4183188512593561
2343,5843,0.48104277464452855
2344,5844,0.22562403163643416
2345,5845,0.4893595859913558
2346,5846,0.307382151830565
2347,5847,0.3786419079368175
2348,5848,0.5540737183463633
2349,5849,0.210770408455944
2350,5850,0.27618317353007865
2351,5851,0.4053767238884587
2352,5852,0.26775875913091024
2353,5853,0.3353547131684424
2354,5854,0.24041024550736392
2355,5855,0.4691937324121839
2356,5856,0.3344664058846672
2357,5857,0.1951458994756196
2358,5858,0.17609332196770697
2359,5859,0.4730786323900156
2360,5860,0.3414767443041299
2361,5861,0.21500531961401542
2362,5862,0.21983753330270855
2363,5863,0.20002975790736793
2364,5864,0.4760963461882599
2365,5865,0.3702907381307693
2366,5866,0.4408467645632838
2367,5867,0.2092178700357107
2368,5868,0.41078314754305856
2369,5869,0.4843669762054676
2370,5870,0.37179989813646375
2371,5871,0.4914572421055717
2372,5872,0.27196869445212407
2373,5873,0.36776750917313555
2374,5874,0.2511281993311882
2375,5875,0.35213416936159325
2376,5876,0.5054941108120582
2377,5877,0.5338378094697371
2378,5878,0.36656933440283984
2379,5879,0.4644729609020829
2380,5880,0.5057010231993712
2381,5881,0.5360747312027256
2382,5882,0.34448911278717553
2383,5883,0.38260887561465395
2384,5884,0.23341828791998645
2385,5885,0.33845767912621666
2386,5886,0.254766271122
2387,5887,0.5094512336229324
2388,5888,0.257062835760325
2389,5889,0.5595703307799528
2390,5890,0.47077901282098106
2391,5891,0.46599905250235457
2392,5892,0.4712872530965435
2393,5893,0.33575755891121306
2394,5894,0.3806907401016446
2395,5895,0.46986679509618534
2396,5896,0.3974050721890072
2397,5897,0.3665469840976943
2398,5898,0.17553493758209857
2399,5899,0.2226494853462715
2400,5900,0.20105323985549575
2401,5901,0.2671431493707345
2402,5902,0.33264937574325204
2403,5903,0.331742906368343
2404,5904,0.22138195421432283
2405,5905,0.4020698050727817
2406,5906,0.39041099997771406
2407,5907,0.42587960416053655
2408,5908,0.47432057195571736
2409,5909,0.2964879090097784
2410,5910,0.3235302132445685
2411,5911,0.30771906206951166
2412,5912,0.2627620351699784
2413,5913,0.4624148421609496
2414,5914,0.2681394728202173
2415,5915,0.4510597970730025
2416,5916,0.37285254014246016
2417,5917,0.5569591747039305
2418,5918,0.6137878122015996
2419,5919,0.5434158418622488
2420,5920,0.2404383572513957
2421,5921,0.21845364525235908
2422,5922,0.40144925937000686
2423,5923,0.48547439048766244
2424,5924,0.4477944990798091
2425,5925,0.18332268577791738
2426,5926,0.3323889562955456
2427,5927,0.49073483473389923
2428,5928,0.24411319684300367
2429,5929,0.1984288172272662
2430,5930,0.46371233252150773
2431,5931,0.2560782633052062
2432,5932,0.5012367233399655
2433,5933,0.16063326809033954
2434,5934,0.42878974027874023
2435,5935,0.3998164148184262
2436,5936,0.23716441412684347
2437,5937,0.4009924265706591
2438,5938,0.30238073659758524
2439,5939,0.43837485733522813
2440,5940,0.3678937817088363
2441,5941,0.35957279948851956
2442,5942,0.3113716784406155
2443,5943,0.5039487891205507
2444,5944,0.20828176033398146
2445,5945,0.301462144618916
2446,5946,0.20272235710268913
2447,5947,0.2099626301613964
2448,5948,0.5626978315687334
2449,5949,0.34002859293383936
2450,5950,0.3898041121878563
2451,5951,0.4777678781236873
2452,5952,0.37628390915911253
2453,5953,0.3164104223221955
2454,5954,0.24972422340135378
2455,5955,0.49056496959795437
2456,5956,0.30778625776989316
2457,5957,0.44025589144341365
2458,5958,0.32801748910313155
2459,5959,0.27268029979948677
2460,5960,0.4800120633585782
2461,5961,0.3056363714075459
2462,5962,0.44986141772112803
2463,5963,0.21829373651468054
2464,5964,0.530269884975133
2465,5965,0.2484777516271272
2466,5966,0.5777831180132273
2467,5967,0.5550789333186735
2468,5968,0.5134896207713241
2469,5969,0.47894391898152017
2470,5970,0.32052334896713197
2471,5971,0.5757113857022942
2472,5972,0.26467657139809597
2473,5973,0.40258480827311205
2474,5974,0.5726975025112049
2475,5975,0.5584971109932527
2476,5976,0.31641308629221565
2477,5977,0.4015231075794237
2478,5978,0.5405205833381639
2479,5979,0.39025040234788966
2480,5980,0.3698862222072025
2481,5981,0.47637868599708477
